id,phone_sequence
fadg0_si1279,HIrLAJUaIDBLMrIDLMwtJ
fadg0_si1909,tbLKwnPwLuwDBPwJIBJLlLDyUtlwKr
fadg0_si649,wLJnDtIrJtrCBgbLwQtzKyDwLJMywQLHrLlwJnDIrJLnLMtrvrIFBwLAByTrKnLH
fadg0_sx109,KyJBLMwDJLHIgyEyvrgbwLAFBaDJLMyLJBcFLH
fadg0_sx19,cBPCDnCDJFQSrLAvDaBtwDhytBnDUJwy
fadg0_sx199,TynDyLiFBLkrDKwmwQhFSmkLAJLlcFrKrLMwLwDMsLzwJLMwUyUJwJ
fadg0_sx289,SLlrLHItLABaKwUrQhwryTyJtBDJybDB
fadg0_sx379,HAbDLuywDJLIgQyDBcJDJBaDLlrJLMnswJ
faks0_si1573,tLvwJLAeaLMcDyFJLlywDnDvbgLkrLkwDwUJLymPtBLhPLJLarSaIrDmwDKbLky
faks0_si2203,lkQIyJbwJtwLlwJLagsLJyEyLtBPBKDbeB
faks0_si943,HILkcaLAKwDstaBaBtarLhBSBFBSLAJLwLMsKDLJ
faks0_sx133,UJLHyLJrIywUJarLADyEyEywDytrLASwLABGaDLiKi
faks0_sx223,HcLlLhcLirLhBaLMsyLhFaBcDwLurIagK
faks0_sx313,tLAIaLtagLJtaIEDJDcLhagaLAJLhctaIyLuaeFBSgeB
faks0_sx403,vrSaILIFLAyJnwJcQhFEByJLArLJDPLBgeLJcJ
faks0_sx43,vnBrPByLHvyLlBSBaIaAtcDLAJLABPLkw
fcal1_si1403,wSaBSswUNwnDwLwLHvsKwDJgbLAwLABLhBSBgDwJCbDbtnJUwLJnet
fcal1_si2033,SPwLhywLABaJBKbsDLwLrIFSsnwJLMaIwBgLlwnJ
fcal1_si773,SBcmFaBLHIaLznLALMIgJBFBytrJnQIBLknbsJ
fcal1_sx143,lwJbDPLzwDwtrULyTyLcBJLuyrLnbDBaF
fcal1_sx233,vagFSsynEtIyPSBsCyDwJnsyDLlnbED
fcal1_sx323,lwtaLHrQnLknDHrCrIgbQEDegDLMAaearbCD
fcal1_sx413,MnbtLyJLSymKJLDsmcLHSwLJLAatLCbLiLzrJLArLM
fcal1_sx53,yDwJUwLBQcLAnbLhyBsnrIsLAwDLMsDJnDhBJ
fcmh0_si1454,gaFIwLzUBFBsyLwCsDLMagLKyPwUJLMSrQInrIywJLAacCLHwUwKwDUJUctLHaBynbJLzrJU
fcmh0_si2084,SBmnLbmnLMyCIwDksnD
fcmh0_si824,JnQFtrCUnCILiKwDLkbgUJwEynwDUJagDLInLHIrIsKwDMTytLyDbnDytbLKrJ
fcmh0_sx104,vyJLMkBFBnLkagDLICcLsLur
fcmh0_sx14,hytawLlnrwJLwUwLJUnsbCDLhyQyPnrQytaCyBa
fcmh0_sx194,hsywDzFBgsnSBgDagbegaLkPKwD
fcmh0_sx284,zbtLcayPBaILuTyLkwDtsLrIbLhwJwDzwtyLiLHrLiKwJ
fcmh0_sx374,zaDMByDJLKnBtwsKtaIbBnQwED
fdac1_si1474,vgbJLAybDCDbDwvyUJbLhBwUtLDCaLMwJLMbsyJLJ
fdac1_si2104,veatagbgegvKvytJNagaLAsyLBgKJLwcLQFGBnJwsyULyLbmaBgbJ
fdac1_si844,tegcJLMJbLlCnLAeFBctwKwDwUJsywUJUwLiKsyPtLbLAysLAJLbDLJnDQDbLiKSBaBLsLJLHnrIywDLJ
fdac1_sx124,HagaLzwLJLCsmwLHyPmrILhyPmctBD
fdac1_sx214,lcCagaDmyCDLkwBgaDnwJLHgsnLkwnSBbLABnJnDLMLwDlwJgDJ
fdac1_sx304,iKyLJLMagbLAyEDwUJKICIgbDntIswJLMegbDPUlnFcChagaDLk
fdac1_sx34,MbeFDCLkwPwLiKbeByUJLMnsmyLkysUKwUJ
fdac1_sx394,AbeBJywDCDnsLJLhaFyDUJwDLMKyJLAIaD
fdms0_si1218,HABcLJCSaIBQtrLMDSBgyvyDwDLHvbKDJU
fdms0_si1502,vwBUDbCLUbLUBwLHvbDsLDvsLAsytSBgLMyLwLHsLALDbgaLzwJwLAbr
fdms0_si1848,SyLAwDkbgLJKyCLSyLADkbgBgLAIDBLHyLHB
fdms0_sx138,DwLABcDUwLvJDrJLkwBJwDLAJLlwnDUJwULHrtAyD
fdms0_sx228,wvyTLHaSwDHBQwBcLtynDKwD
fdms0_sx318,HUByULMwLCcLMsmwnUJnLhytSFtIagaJLU
fdms0_sx408,vgLkILwJcLhSBgLlnDvbQwDkwDwtLiKsyDLzy
fdms0_sx48,uIbDCLkrIbeaLAIPDvrIbLHIwDyDLHvswLvbwLJ
fdrw0_si1283,lwmyEDyDwKnBLMwLlwDQsyBgbLMPDymyLctaBbaLwLAsUQbLHcLlBynLtagIJLM
fdrw0_si1423,bcLkFBagDvyLAbgbDcLJwLhBgaeB
fdrw0_si653,JKwFBsmwJwUwIybeagBmySyaBwLhDeaeBwLJ
fdrw0_sx113,vwCDcbJLAwBbvbaLkwCbDLwULuwLtIyTwLhbeatLALJ
fdrw0_sx203,lwLAagcUBsybDwLwLQIcaLhBsyLbLlwKzwBagar
fdrw0_sx23,lwPwUDyUwKwDUtaCDagsUCaQcBJBsy
fdrw0_sx293,AtyJLMsLlwULMnwmyLMAswLcLAagaLMwlwLACysDnUJtDCsy
fdrw0_sx383,lwLAaLMwLAIyDnKbCLHPDaDHBaIgbDBIgaLA
fedw0_si1084,nLlwbsyCwvLlCsLhyLhctaCgsKnDLAaQnsJKbsLtBDHSysLiLvgcLhyKsLJUyQatJ
fedw0_si1653,vyJLhaBLAJPcLwDwBy
fedw0_si1714,vAKAywrwJHSaIcPBaLALSwDTDFaCByJLwnLhywnD
fedw0_sx184,lsLMAbLJCyTyeaeaBLaBSsUJLvrIyLJLDgLyTyTrULJ
fedw0_sx274,ABwnctLScJwPULHagaLkBcLKzywrIwJLDcJaLiz
fedw0_sx364,yLzbDLJvbegbCBsyLbsDLAvaCDBaJLAaBgDJgagmwLSwLhwLhtIsLbebDLgcmsUJUyLkyDJwJLMwCLHaLM
fedw0_sx4,zbsCbsvnrIwyDCaSCgDwsLheSaILAuwDvaIgLH
fedw0_sx94,SCTbeCLAJLzrwJUBaBQLAaCDLMAvbDybnwJLiKIyLJ
fgjd0_si1179,SaLKnclyUwtLtnLAJLChy
fgjd0_si549,wyJLHIFLIrDUwDLMwJcgUlwLAJnLrDJnQLhgIsKcLAgbJLrDJLHyJLBy
fgjd0_si818,HceFCDJnwEDLAvaILABwLiLMInwDJCwLHaFByLwDLMwDLMwIrtBLnAaBLMwJaDwLAJwLDBJ
fgjd0_sx189,MwJLzIaGsynIytageIBsmwLMwCIbeaLkswLJU
fgjd0_sx279,HeBJwUwLlwBFBLMyLzDSrLASLnDJwLHrLwsKwDwUDnFLSaIrwLly
fgjd0_sx369,HaLHsLHrLmnFQCUcBwQyCrCTrIBUJ
fgjd0_sx9,HSInrSIryTyPHaeSyPSrSBsy
fgjd0_sx99,DwLkyQBJcJgnLySwUJLwsJLncDvgnrIraILAyJU
fjem0_si1264,MybnDLUwUaBMwDsPwLlwNtJacDLrJLhFLwDQtrUJUCPLU
fjem0_si1894,CgntalnIwbDvEDCagatvywrJwLAJUywUwLuaeFB
fjem0_si634,vyrDvywJLASnLtrJtSswUJwQByLlwQrIywCLhagmwCDnmnDLCDyDwtJDCDJtBagsDPDJ
fjem0_sx184,wLAvbLJLCybeBaBswJMrLJCgywCDJ
fjem0_sx274,ABnwtSwJPLHhglPBcLKzwrIywJLDctJtagwKJ
fjem0_sx364,yLJKzcDLMvagnCByLwyEDLAcCBaJLAFBGcDJcagmwLIwULwLHIsLMbegDgmwyvyLwEDJcJLMwCLvagr
fjem0_sx4,iKwsyDCsLrbnCSaCDgDyLhgFSrLATDCvar
fjem0_sx94,DycDEtJLzrUJPBacQLAvaCwDLMAvwbnLmynwJLiKIyLJ
fjmg0_si1181,HIaLrBsyULwLHIswUwCLhcncLwUnDbLJBwLwJLMrCnbDLbDwDBgbgDCb
fjmg0_si1811,HIbnJwDtBgsyvwULSarLhIbnDwrJnLIbJLlcLJBy
fjmg0_si551,wUJwCDCbLlwrbDnDbgLMwJLMyLMivgaLnLtaBLMLM
fjmg0_sx101,MAwDrCDegILCUiKAnFcLuwbDLwbnLAIsLlnrLAgbJIbCJtIaLaBvaBaLkbsyJ
fjmg0_sx11,vyBnBLaBgbeaALaerIbnrDBgegr
fjmg0_sx191,SwJLAIavaBteaDybLMJyJnsKJKwDUJwSagwLJ
fjmg0_sx281,AaIyELMKIysKJLHBbgsLMvbLuwtLhyLzLhaeaBJtrLgegeagrJ
fjmg0_sx371,IgDyvbeCbsDagaLhyLQwLhbnJLMvgveDtrLhwJDwJLCrILzrUJ
fjsj0_si1484,lnIaBUFBaSgDwJLJyLurUnbtLMrLMKAIsPyJ
fjsj0_si2114,JLMsELhyKUwnwLDBnCybnLlnFwULMagJ
fjsj0_si854,vwLArLzwDLMwLnLJKwUJgwLMnrLwDwtnLJ
fjsj0_sx134,AUJwQIwLzbsDTIrIswrDgJLCcDLJLUwJLnLkwDCgsbDy
fjsj0_sx224,gnLuwDUTrIwLzrIbnLJN
fjsj0_sx314,vTJLHyLhFSrCaILznDrInJUkIwLhyEDnFDyLtaSBtnr
fjsj0_sx404,haLhrLHsLHIrwDSByUwLhsLcgrLHtagr
fjsj0_sx44,hbULALhaLACLhyDywnrLMsyLJLHarLMD
fkms0_si1490,HIvnLJcLSFUIawLMLHvbLJwLSwJLzFcJLM
fkms0_si2120,vyLHvagwUJLMLlknDnsbnmwLkLnQwtNMnEDIcnKwLwUcSnLwD
fkms0_si860,lyPUwEJtBPwLkLlByPJUwQnbLJUDJUwUJLhBcJwUJULnDBgneatJ
fkms0_sx140,nLurLABLtIBLHIaLAJaILAcDylwPByLkJLiwLhwmw
fkms0_sx230,ABaBySsyvTywrLhcIgKJLaBagwUJLhaBLnrwJ
fkms0_sx320,lwDyrJwDwLaLACwDcLhySwUJwDSavAwDkwJLUDLJ
fkms0_sx410,uIwLhgUJtIrKiLCFBLAyLiLSyLuwyDCBaDwC
fkms0_sx50,AbmJLJIatwLncDaCwLAcLHnbLAJDwLlBLlcLHBar
fmah0_si1289,wbtIgsyCSwLTyUJnLbsar
fmah0_si1919,SnrQIwCwPQCwJKyCsUJUyDQnDnJUwUJnrIDByDBsUy
fmah0_si659,vyUJtswJLAPyTrUJtrwUwcBaFBcCDLAvTybFyLMJLCbsECwUJUInLwDbgbJUwUncDvyJLzPyvywDbw
fmah0_sx119,lwDwJLABcFBwJryLAIbLwLQwtEwCwLHaBLzUy
fmah0_sx209,CgLArLAcBnLhwLhbIrCBaBSwtLAIgbaFCDU
fmah0_sx29,vnaQLuIbLwLHAsLwLHbLAwtLHwLMbgsnwUJ
fmah0_sx299,JUCgwCyEDHICyCwUwLHaLwDmrgagCrCvaeByLD
fmah0_sx389,HlsyncDwLhyLAvaJUwDErICDcLACLAyJbeagLy
fmml0_si1040,SDagLwEDPwUJwLwDLknaBLULwDnDwLJLIwBwLsDzwJBaLAKiry
fmml0_si1670,HgbLDncLhwJLwnJncQyvynrLaDJLsLAbgLwEDyBgvy
fmml0_si2300,CaCchwBwULwJgLwrJetSwLAryaJwLy
fmml0_sx140,vgDrLAvBLiMrFLHvagDnLAJtvrIgDByCwUBywLkJLzwLyLw
fmml0_sx230,lcBcgaFByPBsyvwrnrLwLIabKJMagbUJaBgbrIrJM
fmml0_sx320,wCDnIwJwDwLngDCsbDegLhyIwDCBaLAEDLwJLMwDLJ
fmml0_sx410,AIsLHagJtrKiLDeactALyLiLSLbsDCagDby
fmml0_sx50,AbcJLMabtwLHtnLHDecDCLAvLbLAJLDwLucILlcLHBar
fnmr0_si1399,lwJwJagsmyIFByswLJUwJLbJUwLnbDLwLMybFQIDCLhaFlwnLAaBaCrIsKwDcCnbD
fnmr0_si2029,wEDaFLMJcQLAaLAvsDnDLMwvwUJtSaGsJ
fnmr0_si769,JFwJagLMwLrIgSNBwQaDKrLurLhBaBv
fnmr0_sx139,lwLhcaElFBFSFJLHtBcJUCSByJwLiIPIsmwLDwnlwKPar
fnmr0_sx229,IyPBcLAyEtaICLHBgCnDLKM
fnmr0_sx319,cLhwLAubFLMLAagnLkByLAbCaBLtIlwtagCDyagrC
fnmr0_sx409,uyLMyEJLhwCsLiLDgEByELAIyJwJLMIytLIrIgLJMBcJBsy
fnmr0_sx49,NwLMtagBgLAIDcDMtBatLALnsyLSBCDbLKMcLhBy
frew0_si1030,HIyDyLkwtgrLAIrLrJ
frew0_si1280,lwJKyIBLMrJKceSLHrQIgIeSBUnLJBwLtaBaLHLMnLAKwLD
frew0_si1910,vyPyBwLkwDCLIyLtwlwDCgDEBLADLlDwy
frew0_sx110,lLhnJtwQBrDwULUwUJaBQwLALtrLHIaLSBLJ
frew0_sx20,JKPSaSaIDLtByUwSBDFBQSIaBUJ
frew0_sx200,SIetLADLIBLlJLlaLSaLtDlLhBwLiKrLJ
frew0_sx290,lwJLhrFKrULtLMwLkTrBywDLHSaICLMwtIrLIrJLnLlyLhagr
frew0_sx380,SgLMrILKCnytrUwLAaLhwLi
fsem0_si1198,vTwUgagagwDJLhagagECED
fsem0_si1828,bgwKJByLQwJwnwmDyvyLkwLJBwyLHnwLJwJKIaFBybwDtwDHQSBDwLDnDTytMwLhab
fsem0_si568,HbgerIagywUwLAbwUcJLJavDwLAIcwKJLcDCSagDSagaLBnLcr
fsem0_sx118,MChagDaDwyDIrmDbnDLJDrBaILMLhaB
fsem0_sx208,IagaLJnLhgalLHaDnwDJLMwnLJLUwJLIsLAyJ
fsem0_sx28,HswLlwLlaLtcSBcDPLkneacDwQLMbecJ
fsem0_sx298,IaLQnclrDaCLhagwQyKJKPyUJwDmycQrLiarLJLJ
fsem0_sx388,vrIgwvbDLbsLJLSDnQrLlwLHIrCnLMLHInwKrLiMbgDzwUJ
majc0_si1946,lBIcJBDCLHIaLhBCSULhgDFCyEDJaBtLM
majc0_si2095,CgLkbnLkwmwLDEvylwQLMPLuIrsLnsyLzK
majc0_si835,JnBULCDLKwLlwUJLMwBCDnJwJnryLhmwLJLkwtrDLhIgbDLwJnFUCwLKw
majc0_sx115,lynCBcCPLkwLHwLJyLAIaLHBcJULAaBLuBcBv
majc0_sx205,wBcLMnrLHrJDbeBarLALhnLMwLMPFLhsLunQCDraLrKJ
majc0_sx25,aBwBaGnrJBFLCwFBywDnrJ
majc0_sx295,wtLAbrIBLAaCJLMCaIeFLvbQrIsDKtMrCywEDwLMJtPwPD
majc0_sx385,vwKBLlrtnBLHLAnUwtwSrLhrLAwD
mbdg0_si1463,SwLAbnDeSrQrCbLAJCgJwLJwLMLnLwLkDbgyE
mbdg0_si2093,vylwnDatrvyUnFDbnJLMwCwclcSBnlrLSLMBwJLAgcDwDLwDPUybJLw
mbdg0_si833,ALBnJLHrKDCBJnBJLCwDKyn
mbdg0_sx113,cCBJLAmrIbLkwCwDwJLuwLtyrLhbLA
mbdg0_sx203,lwLAaUSywDLwmLhILHBywLlwKIar
mbdg0_sx23,lwUCyUwKwDUJiHarCDgUCarQBcJLBw
mbdg0_sx293,HByJLMsLAtwJLMrIyLMswLhBLABagLlwLtByDTrKtrCy
mbdg0_sx383,lwLAaILHwLAtyDrKwncCLHPLaLBaIynDaIa
mbns0_si1220,lsyaBJFScDCcDyLHIgJLkyKzwDJwLzTrLUy
mbns0_si1850,lcLuwLDCaIFcLMyTPCaLhSGw
mbns0_si590,HIrLzwJLMcDFBUcDtMnrIsUJUIclCFJLAaeCDCncLlwLUQIrCrLAIaJwDJ
mbns0_sx140,lHgLIrLABLitIcLHIaDcLJaIcDyQDByLwJLAPwLhwLMw
mbns0_sx230,HFBgeBySBsvywrLHcLIbKCFBagUaBnrJ
mbns0_sx320,lwDwrJwDwLuagLCyDaLhySwLwDCSaLAyDLkwJLMwDLJ
mbns0_sx410,AIsLhagwUJtInKiDFLAyLiLSyLksCDaIwED
mbns0_sx50,AbmwJLIatwLAyLAwDaecCwLAnLhbgLALDwLABcLlcLHBSr
mbwm0_si1304,wPSwJwLAJLHwFPJLMPcvagcLhBgcJULhyLunJLiKnw
mbwm0_si1934,SsmwBFSgaeB
mbwm0_si674,lwJwJDwJLHnLMswmrLMnLHwLJLHrIwDLJLJlnLIySaDwJLMLhywLHLMwJLHD
mbwm0_sx134,MwJnwCLrDzbsDSrDgJCcDJUJLnwDwDCgbCy
mbwm0_sx224,vbcLhwPmPKrDLkrDLJ
mbwm0_sx314,HyLhBSCarLinDrKJrLhyDwDyLtSFBtr
mbwm0_sx404,harLhrDLHsyLHrCcByLJDcLhwyLhaDtHar
mbwm0_sx44,HbJLAwLHFLADLhywDrLAHsDCEDJLHarLv
mcsh0_si1549,TyaFKwmQDBcLDCyLkPBLMD
mcsh0_si2179,CgbCclrDnrQrSaLJLCyAM
mcsh0_si919,DaQywJKByPlwLhIgslhBLHvsnrvbnUCDynLzncnJLCcLiLMCsLMwlrDPJwLzPSsKwD
mcsh0_sx109,vKyKBLMwDJLhIyDvrIsLAFaBaFCDCwJKLyLJKtBLH
mcsh0_sx19,BSBPCDcCPJFQISrLAnDatDPLhytBCUwyTyvy
mcsh0_sx199,TyncDPLiKwFPDrDKwmwCaGsmyLiJLhFPKzrLMPLAwDMsyLzwJwUwUyUwJ
mcsh0_sx289,SclrLHIPtLuBgKwPwUrQrIyTPKJtFSBwDJybmBH
mcsh0_sx379,HsbnCPLywPUKLIgQyDSBgnJUDUFcDtrULyJM
mdlf0_si1583,trScDJKIbmnLASwUCSUrILAMCDLsKwD
mdlf0_si2213,JcChcmySQDFQBgsJwPwUJ
mdlf0_si953,wJLMaIrwDUQvbnLMPIyPUwDCUJtrLHrJwJLyDJFaDwDnrDmnJLMwLuwsKwDCLJ
mdlf0_sx143,lwJbecDcFLzwDrtIrULhTPSPBJLuwrLybLMFSFB
mdlf0_sx233,vLvgeSsbwDtIyPsCyDwJsDJnrE
mdlf0_sx323,lctaLHrQInDwDLlnCtIDeaIgQyDaIDMaeagC
mdlf0_sx413,MbtyKJLSyTyKDymcLASGDJLAaItCbLiLMrJLr
mdlf0_sx53,yQwDwJcLhBDQcBLAbnsyBrIyLAwDLMsyDJLJcCSBJ
mdls0_si1628,UwJwULCgvbDBgLzrvywDtScDLvwCwmwcLUJBacLASBsy
mdls0_si2258,TPnDavrIySITycB
mdls0_si998,ynLsLMIgbtMBaBb
mdls0_sx188,vSBatrIagnJycBmnmkLAJLnDJLAbea
mdls0_sx278,MPtIBswULHnJLMyLKyLAsyKByPIyLJNcSBaBJLiyLzarCB
mdls0_sx368,SBaGyJLAacJLMwDymwLBgLuBcFJLMLhyLAcLMByBynBLwcLM
mdls0_sx8,SgynBaFSarIsyBQrJByagcCDJ
mdls0_sx98,AnJNwLABnKLiKwDtcDybJr
mdvc0_si2174,avLKamnFaLHLrLvyJnDb
mdvc0_si2196,vcLHItIbnKwDnLhIaCywUJLAwLwDbDLAbCwUDCagDScJwDLMLhyJLDsyJLMnbLME
mdvc0_si936,HBagDyEDAaBlLMyJLCsLMsLAyTyraICar
mdvc0_sx126,aImrtwKcBSwDLMBScLzwDJwUJtrIywB
mdvc0_sx216,lJLDCaBLhBaSgLHcLMcSaICaBDcvFcLA
mdvc0_sx306,cLiMFcUcDctKTPSBLhyLAeaCLzKbDraBJ
mdvc0_sx36,AFBylcCaBJLMwLAaBLHBKcLaIwJLlcLMAsDLHaLHAwPBrmwy
mdvc0_sx396,lwtwKLyLubDLMByLtIbDbLAByaDcJrtwJcQlwJLCaBsLAy
mers0_si1019,lnCDkyPLMwlwLAbLMIyLSrtrLMPwULHAFLCIrDLJU
mers0_si1649,wLJtICbeacmyLTywDeaB
mers0_si497,wJLHBSslwUBgecLJLlcLHvcLlJLlcBgsLlwLiyBkrwDLvbnDkrLknLAILkwQbLJwg
mers0_sx119,lCwJLAFLSwUzILMIbLMwLkLScNcCLHaBacLzy
mers0_sx209,CgLABLABwLlLhnLkIrCSaBaBLSNLArIbeacDLJU
mers0_sx29,vcLIsLMLHwLwLHbLALHLHvsPmcDJU
mers0_sx299,KiKsQIwLAIswCwUwLHaLhnBrIvagDcCaDveBSyD
mers0_sx389,CsbecDLhsLveaJLTwCDICFLAHLMIyJgLk
mgjf0_si1901,tMLcSICQIyJLHBsmLAIaJLMwLCPQDwBgLASsrLJU
mgjf0_si641,ABnQIBgLJaDJLtrAFQBwLAFGasyLtMIbnzLJaDJLHcBQBLMPCnBcLMrCbwLAk
mgjf0_si776,PDgaLMIgTIaIDLMPLMbgsLM
mgjf0_sx101,tLAwDrIrDiKPFLzDLknLrIsLkrLABbKrCDitIaBvaBmnsJ
mgjf0_sx11,vySaBgeaInrBag
mgjf0_sx191,SwJLMIaBaBtcFcDybLvAPUsKDULSaDJ
mgjf0_sx281,AaIywDLiAInrKLHBsLMbnLuSLHyLiLhaJtrIbeaIrJ
mgjf0_sx371,tLIgDbeCDaLhyCwLhnJLMgCtrLhwUwJLCrLkrJ
mglb0_si1534,wUwLhLAnUcCgJBQcCBnDnJlwLvnrLuIFcUcCBgntsJ
mglb0_si2164,MwLAnQTwJcBNlnb
mglb0_si904,vyLHvwLwvwnwLkwCuIbnLkwUInrIcLAMAIbLAJLAwCwLkwLyTPFLunDLhBFB
mglb0_sx184,hwLAbLJLCyeaBaBSwJrLJLCgywrJ
mglb0_sx274,ABwtLSwJPLcnlwFBcLzrIwJLcJcegrKz
mglb0_sx364,TyLiKwDLMJgbCBywDLAnCBaBJLAFcDJgcmwLScLMLhIwLkacDcCyTyEJwLUCLHarw
mglb0_sx4,izyDCsyrDCSaCBcDyLhcFSILAwDvagLk
mglb0_sx94,TcDJLJwUBFtLAaCcLAbDkywJLMIyLJ
mgwt0_si1539,tJtwJLJLHvBCFBLkvwCbUyJLbLurLtSBaIrLM
mgwt0_si2169,JLcLJLMnrUzLkwJwtyLiKieaIsDCagLIyLkIbacLJULHvbmrLrIecDkrIPcD
mgwt0_si909,JLAcCLHFBJzrIyIyLMgbnCnLkwLJwLAJLytagQlPBPcCDJBaDgavaIgUJUcD
mgwt0_sx189,wJLMIaBsmnQIytJtgeIsmBsmwLMCgsLagamwLJ
mgwt0_sx279,beBcJUwUJUcLhwBwLAyLMDSrLSwLMeaLJwLHrQlwsKzwDLtNtLTwUDFBLSIwlyvy
mgwt0_sx369,hagaLHvsLHrmwFLtwlBwQhCDICTrIBJ
mgwt0_sx9,tJtLSBvSrISryBSBgbBSyCrIFSs
mgwt0_sx99,CyQcJUJgbmyBSwULhyJLMaDvgbnrmIbgrLAyJ
mjar0_si1988,vacUwJLMILATPBFtaBaBrtsnr
mjar0_si2247,SyLADwJwDPByTrKw
mjar0_si728,HAFLJybLHBUJDwJrIcLtrLMaBFQCnDnwLJLMIsyDecCDwDLASBFB
mjar0_sx188,SgatrIgwUycCcClwLknLMLcDJwLAaeaDC
mjar0_sx278,MwtIrlrswJLHwJLyzivywLAsyUDCByIyLJcSBaBJLMIyLzrDeFB
mjar0_sx368,haIJLAagbJLMCDyDkwLhBbgLABFLMLhyLlcLHtyByBwLuwDw
mjar0_sx8,SBgyBrSrIyFQrJwBybgsDecCDJ
mjar0_sx98,unJwLASKwDtcCDybDJr
mjfc0_si1033,wtLkarLAsyCElwySwQBPUiMr
mjfc0_si1663,vyUtJacLvyJMFacLHnBtsUJbnmcSCwDFB
mjfc0_si2293,lPcUIrJLInKBylcSBcDUwmaBlrLuIcDcLJBabtLMbnlBaeFmwJLM
mjfc0_sx133,HyLJrIywUrLAwDQyEyDtrLAIrLSBcLKz
mjfc0_sx223,HlSLkcLhSLitrLhBaLMwsLhBwDwLurIacLKz
mjfc0_sx313,MIaLtgntSaFrDrKDcLhaLHctaIyLuSaBe
mjfc0_sx403,rSarLuIrLADJwJcQSFDBsKLArLiUwChBFBJUwUJ
mjfc0_sx43,hFBLlPByLHyLQBarIaBtwCwLJLAPLkw
mjsw0_si1010,lwJFLAaBQnLiJKBCBagQIywJkavagrILwbnDFJLHrCnQLysLJagswJLJyLky
mjsw0_si1640,vAacLkwLCSBDLzaByDCnwC
mjsw0_si2270,kaLJLkwLJcLkwyELkFSBcDULyLuyFB
mjsw0_sx110,lwLhnJLtSBswnmBrDwJLwJaQLbLALArLHIeaLhFCJ
mjsw0_sx20,KTPSaBSaICtJByJySBDBaBQaIaBUJ
mjsw0_sx200,IatLAwLMtIFBJLMaLhSgLtcDcLhByLiMrJ
mjsw0_sx290,lwJLHIrKrJLwLMwLkBywDtaCwLMwtrLHrJLMnLMwQLhagr
mjsw0_sx380,SgLirzCcmstrJnLubgnLCwLiKzLMLMLk
mmdb1_si1625,vyLCyLJLhycDLAFLHtCLhB
mmdb1_si2255,vyJBFCDreceaLDbgJLHSILknLumIPcCLJcCQtwtLAyLtymPSsy
mmdb1_si995,nLkwtrDLMcgwDUJyJrLkwULAByLABcLASGnBymrLwDwUJaILADwJLM
mmdb1_sx185,yLzLhcgsbwDyLAaImIsmaFQIrIBJU
mmdb1_sx275,JLyQSarIFLhIsInLAzwnKIrKJLSBcmrvrv
mmdb1_sx365,lyLAcDCDwLAnLMPUJtwLMDLAarmbnLkcDLHBwLtwNMIyBearJUM
mmdb1_sx5,KywJLlDwDIrwlwDcBDyDcC
mmdb1_sx95,hyLuBacDwUwDBcLQymrKnLMIaLhyABIcLMcgnBJ
mmdm2_si1452,HFBLMryLIyUJBLJQyIyLyKwDLMncJLHLHFBLMIyvwlwDLASGLJwLAJnJtHB
mmdm2_si1555,cwJLyLuyQaGyJwLnDJrLwE
mmdm2_si2082,yTrLhaGFBwECnBLAwyLyTP
mmdm2_sx102,JLhwKBLMbJLtHaIJUIJLAPvacJLzPUJtDLAwLDncLHrJ
mmdm2_sx12,SBaIaSCESrIyTyBFBwBwy
mmdm2_sx192,JLMIavbLJrICFtbKwDwJKTr
mmdm2_sx282,lwLMPUJtrIytrLuILMLAFcCSDSIgLzrULMPJtcBaeF
mmdm2_sx372,lnLkagLIncDCsLAJnDJHSaBybArCcLJnmy
mmjr0_si1648,PFUwtrFByCSaIDCFLMvneaBLSwJLASGgnLwmcQBbLMLAcLlcJLHBywDtIaDLMU
mmjr0_si2166,CBLALJIymaILJacCtBSaBcUJ
mmjr0_si2278,uvywLMsLKJwDCtagbLAveDyJULMPLhbnUIrDCLJU
mmjr0_sx118,HcLtagDCaBlyCLrIyvDwDJLwbvbBaILMLhaB
mmjr0_sx208,IaLJbLHaglcLHvaDkMLwDJLAnLiJLlwJKLMtIsLTyJ
mmjr0_sx28,ksyQnLAaILHtIrFSDCLADeaCQLAbJ
mmjr0_sx298,gLIbclwDaLHagmyKTyPyUJLlnDLyaFQrLiIaIrLKLM
mmjr0_sx388,vrvrIsvbwDbsLMAJMLSDbQIcLhLhbrCnLMHrLALHrKrLiMwLzKwUJ
mmwh0_si1089,HIvgbLJLlwDULIymwDESaIrKJLlnbD
mmwh0_si1301,MyDJLwDtaICDwCLHSILDLHIwLiLHwLMLSyDwLHIrUwLlDtbLALMy
mmwh0_si459,vytrlrLHrLHIFPUJLAIbLJcQcDcDJLlnJUctBgLJBCLtrLJLrCDLHBvaJLHcmBJ
mmwh0_sx189,wKLMIrIsnrQIytBaeIBswPwLMCgLaBmnLJ
mmwh0_sx279,bvaBJwULhwBLMyLMLSrLSlnBJwLHrLlwKzDwULDFLSwlwy
mmwh0_sx369,haLHsyLHrLmFPtIPBwQwEDrCEDTrIBJ
mmwh0_sx9,SrIyTPSaBSyPSrSBbgy
mmwh0_sx99,DwLkyQBJgsySwULhsyJLMFaDvgararILAyJ
mpdf0_si1542,lwJtyLuSaIaCyKPUJULwywDaQywJLMwJyLHrnr
mpdf0_si2172,JLMIwLtMLhyLubnLkwUwLHcLhDLknecDvwJLKnJLJM
mpdf0_si912,TPCbwCsKzrJnFBtnDLASarnrIyFCDbLAtar
mpdf0_sx102,JLhnKBLMbJLAtaSrUJwUJLInJLTyvaJLwLzwUJtcCLAwLDbLIrJ
mpdf0_sx12,SBPQIaLwCPDSnrcsyTynBFBwBy
mpdf0_sx192,JLMIavbLJrIamctbKCDwJKTr
mpdf0_sx282,lwLMPyJtrtrmIbLMwLAncCScDIaLzwKJLMPtInBaea
mpdf0_sx372,lnLkbgsLuIbCswLAJnDJFCybnLMrCcLiKJLlnmy
mrcs0_si1223,lrIsLAFcLUAIbDCBgLAIbCLwLJ
mrcs0_si1853,lncJLwHwnDJwLArLkDQwyLMwDJLiKwyDUwDwLHwrwDJULvwDPSwDUrIgLM
mrcs0_si593,lwLAbBcDMvbtJlwmywULlagsEDcDwJtyLA
mrcs0_sx143,lwJUvecDkwLzwDwLtrULTyLhBJLAyrLlybJHBF
mrcs0_sx233,vgnSsyvnDtIyPSBswLCyEDJsDtlnswEDED
mrcs0_sx323,lctBacLHIrQnDwLlnCtICrIgQwEDaDLMvgagwC
mrcs0_sx413,lvbtLDyUJLSByUKLDyBLHvSBwLJLAartCbLJLMrJLArLM
mrcs0_sx53,yQwDcJwLHBQhcLAbLmuBrIyLADLMyDJwChBUJ
mreb0_si1375,SatnDLHaCDwLJLIJwLSywDLAsLMwJMIrIwEwLhFQwLMnDLKwDEaIyCFKwCD
mreb0_si2005,vynLBnbtLMrywDQhagbBwLlwLAyEtCnsybrmySwLznLMFvrwDLkaeacC
mreb0_si745,HInBLaILMnFwJLMwUzTPyMSFB
mreb0_sx115,lybCcCDLkwLHsLAJtywLAIaLSFJcLaBLQBaFB
mreb0_sx205,CDFBLMrsLHIrJDneaIrLAJLHrLwLMIFLhsLurQCrDIaIrJ
mreb0_sx25,SaPDyCFGsrUJvSBcQtCsyDwrJ
mreb0_sx295,wLArIaLAcCDJLCaIeBLvIrIsDMtIrCyEwLMwP
mreb0_sx385,vwKFLhrtnBLMnUwtSaLhIrFLAwD
mrjm4_si1489,ecBCaJLAPSBLMBJbgEC
mrjm4_si2119,yDJLMwELMLkwJcLHcCDeDULwDCaBJLMJ
mrjm4_si859,vsCDagDLwLMKrLhLMrLHgbwDTPUySFLHsnaeatCcSrArCLkvFBGrIwLMearKJ
mrjm4_sx139,cLhcCFBFSJLHcFUDCyJwLiKIPSsPwLCTrwlKrIar
mrjm4_sx229,CIyPCcLvyEDQHSarCLHaCc
mrjm4_sx319,wLhyLuwFLAgnABybCBLMIPLlctIaCrvr
mrjm4_sx409,yTyDJLwDwKLCgDyEDLAIyJwJLMIrwLCIgLAwrcJSy
mrjm4_sx49,vbLMHaegnmcaDLktaFBLMnsScDgbcQKwLhByE
mrjr0_si1182,lcmcJLMwtInDLiKysyLkwtKTPwcLyUgLkynwUJU
mrjr0_si1812,wLiJrwLywUJDFLMJgbCDtaILAIrCwDysKcDJ
mrjr0_si2313,SBLKwDTrLkLCwDUvyTyLkSFBCBySagDLvwDCwULMIvnDryLkwLDyTyQwDLMyPwlbLSBeB
mrjr0_sx102,JLhcnJKBLMnbJLtaIJwUInJLAyTvacJwLzwUJtCLAwLDbLIriU
mrjr0_sx12,SBIaLDSnrmsTynBwBy
mrjr0_sx192,JLMIgavbLJaILaLctbKwDwJyr
mrjr0_sx282,lLlwLzPLtnrytrLkgaLMwLAaBCSBDIgaLzrULMPyLtnBaeaLH
mrjr0_sx372,lDnLkcbgLuIbCsLAJnDJULBCBybtLMrCBaLiJLMcmy
mroa0_si1307,lwUJwUDFaCwULHactJLCwKCacwDLAMLHw
mroa0_si1970,lwLAIBDwLkwDtcFLSCDwDCIyDLMwLwLkaDwUDLCBSDFBJLIrIgeBLC
mroa0_si677,HLCLHrSLAIwPDULMDLhyDFLPLlPBJLSr
mroa0_sx137,AtrLkwKDCLAarLHIcCaLHIPCSBtHIcDIPyLzLIrwLK
mroa0_sx227,lwLJwBJPrLkLAcLSLlnFLKIPLr
mroa0_sx317,lLAInCLhrILhFLkPLJLIrLHAIwLkyDacLC
mroa0_sx407,HBcgnctJLkwbnLJLwDJwEwtaLiKDJLCaeBUJLHacDyPD
mroa0_sx47,CaCLJLAIaCSLkwJBgwLJLlnLHLMcFQzLJ
mrtk0_si1093,SmnFCcJnDarILhyvsQwrvrILkyJagwJPyt
mrtk0_si1723,vDyPIgLkywLkInLMwLDwbwDtrDFSaSar
mrtk0_si1750,AwLywCbJMIDwCDJnBtwUwCbnDcacClwJagLwLHIgCIDwJLMrtwsPr
mrtk0_sx103,AvacDnCIwFDJtrCnmwLAFaFJwJLMcDJ
mrtk0_sx13,JISEywIaCwUJvgsKzLAsbnD
mrtk0_sx193,SagaLIgaGFBFSDyaFaSwUzyPwUCacgwD
mrtk0_sx283,HBgnDLHvrDvrmrIrDwUsKDJLHICFCLrJLwDLMtIFB
mrtk0_sx373,AChaIEDaQaFnwUwJLHrDJyLHELHvwnFBH
mrws1_si1130,KwlyPLAJnBrIrsEuIrnQwQLMrDCDcaBcLzTylnDCESaDcJM
mrws1_si1496,AbQLMrwlbLhBgBrcJtcUwLAJFBLMcDLHBSyUwy
mrws1_si500,lQrCaIaLNywJLDrCtcCsnmybnLAJcDwDyLHIgaQImagJMwrIyJM
mrws1_sx140,gnrLurLAFBLMIcLHIamrLJrICDyCwDCByLkwJLMrLhyLkPLk
mrws1_sx230,cBgeFBySsyvyrLIrIbKtBgDUaBnrAJM
mrws1_sx320,lwDwrJwDwLuagaLCswDaLHySwQMwDCESaLAECLkwJLMLJU
mrws1_sx410,uIsLhagUtInKLCFLAyLMLSyLMswrCaIrC
mrws1_sx50,AbnJLMIgatwLAyLADacCrLAcLhbLAJLDwDLBcLHcLHBar
mtaa0_si1285,twbnCByIbJLDyDLHaBSPSBLhyDnJrwy
mtaa0_si1915,hwSwUJlnwBwLiKySLkvbtLMPwDbLMrIyDcJywsKDLHnsLtrLuwQDcJ
mtaa0_si596,aDyJlytwBsLADCFaBagw
mtaa0_sx115,lwrLbnBFCDLkcLHwLAJtlLAaLHBJUSaBLuBFB
mtaa0_sx205,ClBcLMryLHrJDaILJLcLMwLMPLHsLuFQIDwLBSFIrJ
mtaa0_sx25,SaEyByBaGyPrJUBFLCPFGywDnrKJ
mtaa0_sx295,wtLAMrIFLAcDJDCaIBLvbQrIsDitICymyDwLMJMPB
mtaa0_sx385,lwKPBaIrtaBLumnwUwtMrcLSLHIFLAwD
mtdt0_si1994,JPBtaByULhyPwrUKScULlwLuwLCywCLhnLDCbDTLzwJLhnDBamcCaBcDy
mtdt0_si2254,ABgbByvyLkwLMrCwDctaGFBavar
mtdt0_si994,rKJLMcmyPtwLMITPSaBcULHIrJwJLMcSByLHrJPLwk
mtdt0_sx184,hwLAwbnLJLCybeBaGswJMHArLiJLCgyTrJU
mtdt0_sx274,ABctSFUJPLhcBcBcQIUKzTrIywJLCcJagLiz
mtdt0_sx364,TyLzcDLMgnCBywDLAcBCBaJLAFGFUJgmwLSwtcLhIrLkncFcBcQwyKvTyEJwJLcCLHvar
mtdt0_sx4,DzsECswrDCSaCgmyLhBgSarLyEvarLwk
mtdt0_sx94,TcCJLMrUQBFQLAvaeBwDLAbnLyPwJLMAIyLJ
mteb0_si1133,wyLAnDLHrLzbLABaIsyDzLAnBFBJtarJbeBtLJ
mteb0_si2064,vyBwULuwtLwLSwtbDCaFCDbEwLMwUcCLvLvbDcLHFCDcBrtrScCnDnDwDyIsyJ
mteb0_si503,wnrIyaJLzwrywruIsJy
mteb0_sx143,lwJbeaDLwLznDntrULkyTPlBJLAwrLybDBcFLH
mteb0_sx233,vgeBSsywDtySBsCyDwJsEDLtnbgsyEC
mteb0_sx323,lctaLHrQnDwDbnCLtCDrIgmyEDagaDLMaeagD
mteb0_sx413,btMDyJSyLyKJDyLcBLHaSysJLAaItLCbLiLMrJLMr
mteb0_sx53,TymDwJwDLHBSBLAbnQIyBrwLAwDvsyDJwCDhBJ
mthc0_si1015,vnsybDLHbgKMIaIlmnBrLiKyJaIKJcUcQBgaLJLMaLAtyLk
mthc0_si1645,JcLiKLvaLMCwUcCSFUJACLHtByBycDLzwJLMctagLM
mthc0_si2275,lwkBLkwLkFLAtrIytwKDknwDKwLAKswLH
mthc0_sx115,lywChBcCLkyLHMnLAJLUynLAIaLHBFJBaBLhPBFB
mthc0_sx205,CBLMrwLHrJDbeBvaIwLAJLhcLMwLMPFLhsyLuFICwDMSarmrJ
mthc0_sx25,SFCByBaGwrJBFLCPBywDbnrKJ
mthc0_sx295,wtAnrIFBLABCDJLKSaIBLvbtrIsyKtrCymyEybLMPB
mthc0_sx385,vwKFBkrtnBLMFUwtwSrLhIFLAwD
mwjg0_si1124,HBLCyLAFLMwCyLlDCSaFtBSByLtIvwUwDbeBcJwJwUDCLHSILELMCBwLlwyC
mwjg0_si1754,vyJnLHwLAIyUytSBLvbLHBgac
mwjg0_si494,HsLJBFBywLlByULSDvbLHeaIcSBFcELur
mwjg0_sx134,AyJnCQIwDzysDTSrLIDgJLCcDJLMJwJLHnDLwDCBsbwDy
mwjg0_sx224,vaFLAPLwLwUKTIrwDLkPrDJ
mwjg0_sx314,HwLHyLHASFCSwLiKnDIwJLlwPLlyDFwDyLtrSFBtnr
mwjg0_sx404,haILHLHrDLHvsyLHIwDByTyJwDwLwLHacDLHagr
mwjg0_sx44,HbJLMLHaBLHwDLywDwDwLMvsyDyEDLJLlSr
fdhc0_si1559,kwyvzPBymyUwLHIgaLAJUCswmwLPSwmySwJLtyPByECSwLlwDJneBt
fdhc0_si2189,TyJcalcCaBSyJLwLunlPwLlFwUJKywrwJ
fdhc0_si929,hwLJnLiLAwsJUwUSrywDLHbgbJnsDTPyzPB
fdhc0_sx119,lwCwJLASFSwUILMIbLkLSwLlwDcLHvFBwLzy
fdhc0_sx209,CgLFLABrLwLhnLkrCDBaBSLAIrsbegDUJ
fdhc0_sx29,vnBLuIsLkwLHmwLwLlknLwtLwLMswmncCwJ
fdhc0_sx299,KzwyCyELAIsCwULHBaLlDBrIgbnCgDvaBFSysyD
fdhc0_sx389,ChsyFDLhwyvbeaJwDIrCFLADnDLMyJcgsLM
felc0_si1386,wCSysyLKDLuFrKysKwDQDJlywLkwJLMIyLharLwDUJLwUyTDLDnDLhwlDJwDlByTwDTvwD
felc0_si2016,vyQBcDFUJIFBLMJLlcLhFLJLAvcCcDJLMneFLAr
felc0_si756,CwLMryBJLJrIcCwLCBSBwDLABnsyLCInLkCSsLSaILHcrat
felc0_sx126,AaImDtMwKBcDLMvBcLzwDJwUJtrCIyB
felc0_sx216,lJLCaBLhBSFLHcLPSarCcDvHvFLAr
felc0_sx306,cLiKPUJDtATPSBLhyLHArDCDzwncDreBJ
felc0_sx36,HBwLwCFJMLACBLBcKJULarmcnJcLMvbDLHgcLlCPBwrIwy
felc0_sx396,lwtMwKLlwLuynLkPByLHtHIDLMwLABycDJrQDJcDlJLCaFBswLAk
fjlm0_si1043,DacJcLHIgbUwCwyLlwJwLHIeFwLJLMywLDaeSgrLAy
fjlm0_si1673,SwDLnsELAvyLlgaLDcLBgyDncFUJwLhbmsLyTybn
fjlm0_si2303,ywDiKFarLnwDLMwLharnDAaLhrFBtJtrIsyUJLJBgbKJLMywCLr
fjlm0_sx143,lwJbecLkDLzwmwUtryzLATyLBJLAwnwLlnvbLcBgB
fjlm0_sx233,vgeSaBnywDCtIySsCyDCwJgDLHnbCyE
fjlm0_sx323,wtJtaLHrUwDwLynCJtrCrIgLQCEDBcDLMArC
fjlm0_sx413,lbnLtLwyJSyKJLDymcLHBSwLJLAartLCbLiJLMrJLAr
fjlm0_sx53,yLwDwJwLHBQBLAbLhyBnsyLAwDLMbgyDJwCBJ
fmgd0_si1564,vgULwDIyPBwULhbeDnLhbgJLDsLIbBtbDUwUJnvbDCnrSrLuIsyUwEDLAbmB
fmgd0_si2194,vynLtBaBaBgDLMPwJBtLzaLvCDbemwLzyaLhwLABgDwDvyBwJLIbDw
fmgd0_si934,CbtNlraIyJnsLlnmcFBJLrwUaIgLtIgDLMaILyw
fmgd0_sx124,gaLzwLAJCsLwLAzTPmwrvaLymctB
fmgd0_sx214,lwDCagDEDLuyPBaDwJLHhgnrSBbLABwJDLsnDwJcgwD
fmgd0_sx304,iKyLJLMegaLAyDJtIaDwtrJLMgbDrSBrDCD
fmgd0_sx34,MbeLkPLirIBsJMrILyLksKwJLJ
fmgd0_sx394,AbeBJyDsLMLhceFcCDUDLJyLJLAIacC
fmld0_si2185,KyUJwLiraILAMnrLDFLhBFDJwDLKIbLJLSbrDCLhbnLAIr
fmld0_si822,DcLrLhrLAKwDCsLhywELAIyJLIgDybnLHMswLtngLwLHIaLrIyUJwLlwJLMIrLr
fmld0_si925,cCyBUwDLAcJwLkywUSgLwLharJLlwC
fmld0_sx115,lyDCBDLwLHvwLAJlyLAILHBSBcJUaBScLuBFB
fmld0_sx205,lBLMArLHrJUDeBarLJLhnLwLMSFLhsLAncLhrwDaIrLJ
fmld0_sx25,SaFCBsBGrJBcQCDCywDrJ
fmld0_sx295,wtLArILAIcDJLMCaeFvnLrIsELitrCyLyEynLMP
fmld0_sx385,HwJKFBkrtHFBLwUwtwLSrLhIFLrD
fnlp0_si1308,wDLMwywULHaJLhBcLMwUJnLHPIbswLymDnyLMacDLvnrLCnsECDnmsytcCDwLAByIFtnLJ
fnlp0_si1938,lBagmwyQwDknFUJLABcnLiKzwPcLHIgwLlMPLwLknbcCLHBFBFr
fnlp0_si678,JtnecQngsJwDCIyLAwDJwLznrLM
fnlp0_sx138,lwLABcDUyLAvnwJwCrJLMwFUJCyJLlwDJwtLHrQtKybwD
fnlp0_sx228,lwDzyLHSaBsyLcFQrPBnLlynJMwD
fnlp0_sx318,vLHJBwyJLMwDCcLlwLMDswmnUcLhctGFtIacJLJ
fnlp0_sx408,cagcLtCcgcLlwJcLHSsLMnmcgvncCQwDyDnQUJLJMnsyDLJ
fnlp0_sx48,AIbnCclrbeacLAPCvIbLChIsyEyvwCLvnmyLAvbgwLMJ
fpas0_si1272,SBaIrLMrImnJLrQtwUwLAJ
fpas0_si2204,HImyJPwaCLAvyCaFaIwLATrIswtBFBlFncCLhrIFBFcUJcSaLAwDJwLA
fpas0_si944,wQvwtarCUzInLMwLhrInCcJLyLAvnbgsyLy
fpas0_sx134,MwJPwCIrCLzbnCyIrnIDgJCcDJwUJLHcDwCgywCy
fpas0_sx224,vAcLuPmPUzrIwLkrCDJ
fpas0_sx314,wyLHPLhBarCaILzncDIJlrLhwECDnFcDyLtrSaBtrD
fpas0_sx404,harLhrDLHvswLHIrCByUwDwLhwLhacQtagar
fpas0_sx44,HcJLwhaLAwChywDnDzwLMvsCECJLHar
fpkt0_si1538,wLAnrIwLiLAIDKLhagsLJLMwCaBgLJLNFLMIyPLPlwLBPFCD
fpkt0_si2168,lsCsLnJLADtaCJBcLunw
fpkt0_si908,SyFGSwJNceSPCwLhagFQcNcrLhPLJaD
fpkt0_sx188,APSaLkIgUJvywDBCmwmwLAJLnJwLAbeB
fpkt0_sx278,MtIrDrvwUJLHIrJLyLiywLAsyKPCIyUlcSaBJLMyLzrDB
fpkt0_sx368,ShaIwUJLAaJLMPDymwLhBgbLuBSFUMLhyLAcDLHtByByaBcLun
fpkt0_sx8,SgynFBFSaIyFQIrJwBybgLwDJ
fpkt0_sx98,unJLNLAScKDtIcDynDLJrD
mbpm0_si1577,HIeDagUagLhIbeBCcJLlbKz
mbpm0_si1584,InLMrIrUatwDLArywJLhatwDLMnLMwLMnbnJLASnLiwBMLwmyDnQrLkwD
mbpm0_si947,vtKTPIrIBrIrULHrLMnLMwLhcUFcDwED
mbpm0_sx137,MLkwKDrLASarJLHIcBLHIPQBtIgcDkrIsyLMLCnrILiKz
mbpm0_sx227,wLMnBtJrLkwLAcLAcNtbaLKrIr
mbpm0_sx317,wLAIbDLhrIsLhaLwLMLurwLHrmyDacC
mbpm0_sx407,SBbtLMnLJUcDJsEwtaIriKBLJBgeBUcLHBgDTr
mbpm0_sx47,CaBDJLMaBgLkwJBgLJbLhLMgUrJ
mcmj0_si1094,lCeILAwCDwJLAwLHrIyPQTIrUtIgLMwLAIegUJLMgsUJDyFIgnJLwLy
mcmj0_si464,hwLHMIaJLnLMrtLAImsELhbLAJLhIbDwEDLDvwUDrDLMtgUwDCIDtIDsLurIQDr
mcmj0_si602,HwLlwKwLJrQrJacDbeFCrIDSyLkIcLAnwJCDwJnIarUnDwCar
mcmj0_sx104,yvwJLMIacLknagCLtICcLhnbnrLr
mcmj0_sx14,wtaILlrUlnsULrUbCIPQzmTrInQytIaCDrIbr
mcmj0_sx194,DswDzrInsrLSDScrDgnrILkrKwD
mcmj0_sx284,zbtLnrImTIaImPmPLAnsQrQrJwLMrtKTIPLzLHrLzwJU
mcmj0_sx374,zIaDwLAvysEDJLKnatnrKtrIrIrQrD
mdab0_si1039,vyvwFUDnQrvDJnBLMcswvytBhSLiKLJLhyvsywLSLMwQcJMbgcJ
mdab0_si1669,HwsyLJcsnmwLkwDLkFIcLksDctgrJFBtJ
mdab0_si2299,JcFLMbgJyLAMacUJgbmFScJtgbtaBnwUJLHynMvFaFD
mdab0_sx139,lcLhBcEBFSGJLMtFJUSsJwLiSmwLhwKar
mdab0_sx229,SGyPcAytaFLHtGFScLM
mdab0_sx319,lsLHyLuFaLagDBysywLhBLJPwtaIyaILM
mdab0_sx409,ymyEJLhmnLJLDBswBysLAIyJwJLMIwLJtIgbKBFJBy
mdab0_sx49,bnLMASgBnLMcDcJtaLlsBaBveKcLhBsy
mgrt0_si1450,CDCyLJLlrIsysyKDLHIDacJnJwyEDLvDcnQCyLMvncUzIyJyLkyLKJLkwDJUyLDwCDnJLMLuyKwDC
mgrt0_si2080,vKvyBwLDgLAnrIsywLhIytLAsJ
mgrt0_si820,hvnlnbDLMLScCtywcUBnLCbnLwDwyLtarJBwUJLagrwULznwCDeBLHtvcUwBbLMwLABtaIrJLwJU
mgrt0_sx10,avIyTwrLAIsyLJvgnrQrmPBaFaIwlcDnbnDJyJ
mgrt0_sx100,HcLzwLMwlnBcCcDLSBcJLHrJyTyELMPUJBFBy
mgrt0_sx190,JrwUwLABJBacLvbtKIgnbcDLycBnB
mgrt0_sx280,lyPBsJwJLBcUwCrIagwLK
mgrt0_sx370,lcDCBwJLHIgaBPcCDLuIFBULCSarcDCDFaBsyvyLiLkwsyvy
mjdh0_si1354,SNwQCBaILMrKJFKJwJLcCSIglwJLAILAMIFtaDLAICIBJcLJwJLcCLJ
mjdh0_si1984,wDSmagJLwsSar
mjdh0_si724,MwLJwJKLMIyDagDCIgtBtbJLMCSBCsbsLkD
mjdh0_sx184,wLAbLJLlyvbeBSayJMrLMLCyrJM
mjdh0_sx274,lNctHSJPULhcQcBPLizrIPJLwJaKM
mjdh0_sx364,TyLiKwDLMaeCByELAcCBaJLAFcLJgmPSwLcLhIyLMbeDctwvyLJwJLMDLHa
mjdh0_sx4,iPsDCsyrIrDCaICBDyLhagSILAELvaILk
mjdh0_sx94,TDcLJLMPJLBtLAaCwDLAbDLyTPKLMIyLJU
mjln0_si1449,iKytwLMrJMwDILywJLnrBPFUsyKzwDIwUagLUwDCBcLmrJrIJwPwJ
mjln0_si2079,lsywLJBbLlQlsrtagbJ
mjln0_si819,lCkswnrtaIJUcCDaIBsyLCPLlwDwDFBnLiKMwJwLkyLbDPBnJlDwDCbgEPCJMwUcC
mjln0_sx189,kJLMIPaGymnQIytaeaIBswmwLMPCgeamswLJ
mjln0_sx279,beaJwlwLwBPyLMSarLHSwQbeaLJUMLrQmwKzwPLvTwUCDFBSrUy
mjln0_sx369,haLHsyLHrmFQIwLlPlwPyCPCPCwrIFBJ
mjln0_sx9,SrSarITPSaFBSyPSPrIFSswy
mjln0_sx99,CwLyQBJwJagmySwULsJLMaDvagnrIaILAyJ
mjmp0_si1535,vyLiMAbCQFBnJLMwUJLHyKwLtswnB
mjmp0_si1791,vCDeFclcLCsbDScUDagDEMrvacCLMLvTyCBgaDkrLvgsyLuwbLMvbgskbncLSwJUwJLIsyDUr
mjmp0_si905,vwUSrLhyvbwDzwJwLMJLsUbnLMwkwJtBcgw
mjmp0_sx185,MvyLzTLhcgsyDyLAarIsFQrIaBJ
mjmp0_sx275,JLMyTyQSaILhIgsLIsLAbgsKLCwrJKMSGnr
mjmp0_sx365,lwLkbDCLMAnLMwUwLMwCLAaIrnLAbrDLHAaSyLtMwJMIybearJM
mjmp0_sx5,KyTPwJLJnDrIlUwDvbvwC
mjmp0_sx95,vPLuvBgDngUDbeBgLkAwmrKrLMbeLHcLAaIcLMgeBJ
mklt0_si1213,CaeFDwLMLwrwLJUwJtaBFcJwLtSrBgDUJ
mklt0_si1843,iKPTInmytavrLuIrmwQnLirUDhPrIaQBSBcQrCFSBLHaIDCr
mklt0_si583,DLkmwJLSwLvwDJwLcNlnmwLyPwDKJLMsywD
mklt0_sx133,HyLMUIwrUwAcCLQyCLtarLASrLuBCcLiM
mklt0_sx223,HSLcLhwLiLhBaLMsLSBcLwLrIFagLiz
mklt0_sx313,IatagbtSFSaCUDcLharLJLBtLSITyLuPBba
mklt0_sx403,AcSaILIrLADJwJLcQFCSyJLArLJwCLhBgFBUJDJ
mklt0_sx43,wnBmByQwLMyLQtSrIFaBtcCwLAJLAPLkPLk
mlll0_si1363,JcByJLlwLMwBsKwDJLCywJcCnrILalrJKwJcDBmwCLkwTyPwJ
mlll0_si1993,MLKwLKyPIsLAwQC
mlll0_si733,HtLMPQBaBwLHcDLKIsDrLAsDwDLMwCyLJLMnJcC
mlll0_sx103,AaBnwLCyDJtChCmwLABFJwULMULJ
mlll0_sx13,JByEyIaCwJHagswJKzLAybnD
mlll0_sx193,SBgbLhBgbaBcnBaBvJLSDyaBrKPyUDCagD
mlll0_sx283,JLHBsbwDLHvrvDPmcSaILuIwUJwsKwDUJLHCDFcLHIrLADMIFB
mlll0_sx373,aLhaIsDaBwUwJcLHrLJUsLHADLHnB
mlnt0_si1574,HBagJLSacCrIeaCLhaFBcLCnDLMBUwDSwLiKvyDCaLlwLhagLhIrnLM
mlnt0_si1902,lcLHaJEDuBFaBLcJwLrIbLMU
mlnt0_si642,knrLHvaLJLHrLMPLJLnLHICgbmrJLAwLiKsbnrAvbDaLHvaCtLHbDC
mlnt0_sx102,JLAnJKrLMvbJtHaIJwUInJLATPDvaALMwLzwJtICLAwLCbLHrJ
mlnt0_sx12,SaBSIaLhwDSIrsyTaBFBlnBSy
mlnt0_sx192,JLMIaIvbLJrIrvaItrbKwCkwKyr
mlnt0_sx282,lwLMPLlrnrtwLAbLMLAvaDCSDCIaILrJLMPLlwnBveBLM
mlnt0_sx372,lwgLhagLuIreICsLAJbDJLagESyLAbLtLMrCgLiJLnbmy
mnjm0_si1580,vwyaGwJnbwDLtnvbeaCgDsbwvwLwDvncJLHaLHw
mnjm0_si2210,laILMrDbebLAIcJtLBcLJBSgaeDr
mnjm0_si950,bebJacLiMLlnBcULhyaLHvaBcLMlnLJcDvbDFScCyDCnLMcJBhcLAsKwDLhgsCbJwLzK
mnjm0_sx140,bgIrLAaBLMFBLHIamgaLJaIagcDsPQByPLlwJKw
mnjm0_sx230,HBaeaBPSgsyvwnrLhcrIgbJCBagwJvaBgnrctLJ
mnjm0_sx320,lcDnrcJcDgLAaLwLCnDaLhPScJnFSaLHwEDLlwcJLlcDLJ
mnjm0_sx410,AIsLhagLJtIcJLCFaBLHAyLiLSyLlnswCSaIgE
mnjm0_sx50,AbmcJLAIatwLAcLADCaCwLAaLHbLAJlwLABgbLtcLHBarLr
mpam0_si1189,vwyLtTPLuIcDUrLAbaLirPDCLHPUwKDC
mpam0_si1819,vTILkwUagwJBSLhBySctSCDvzTPLzLHFav
mpam0_si1961,cJcLkwDLMtAIwLiLMKwKrLJDByQtLvDytFLcLhIyLHrDICwUJcLhIarC
mpam0_sx109,KJCPcLMDJLHIsywDkrIgDLASaCUJLlyLJBaFLHLA
mpam0_sx19,ScCFPDCJFSIrLADCatDCLhytCwCDUPy
mpam0_sx199,TDFCLiKwBLmrwLiwmrCSaIwLkwLAKLHhFrUzrLMLAwLMwyLzUJLMPUPUPUJ
mpam0_sx289,ScQlrLHrtLuBaKwUrQryTPJtBwDJybamaFB
mpam0_sx379,HvnCLwQULMIacQDwDCcJDCUcDLrJLlsPwJ
mtas1_si1473,vymBFmykwDnctMLvcDy
mtas1_si2098,vyLkymsKFaIurvaILBgbtwCBwLMwDvrCDFBECBy
mtas1_si838,vyELAIyJyDLMwCLhFBQLDyPLHIamwLkwQlFBFBLClD
mtas1_sx118,AcChagsDLaBlyECLuIyTyTywDJLwDhBaILHB
mtas1_sx208,IaLJbLhclcLHacCLwLwDJLAybnLKLMUJLMIsLkyJU
mtas1_sx28,hsLlnLuarILtIScCLynBaDLhctLAnbJ
mtas1_sx298,gLInlwDcLhagmyKTPUJwDLhyFBQrLiIarLKLM
mtas1_sx388,vrIgLvybnrDLsyLJUJLScDnQIwlwLHnrCnLMrLHIrKrLiKsyLzwUJ
mtls0_si1370,SCsJnsPmwvwJLHIecCScJLhnagLCDeFLJLMLChwLlnwvyIrtTyJLMIyLCw
mtls0_si2000,SyLzyELAywLwtwLysyLyLyvyJMwLHsKwLlwy
mtls0_si740,wPSNMbeaLtnLJtyLMHsLhBLaBctJ
mtls0_sx110,lwLhnJLASwLMcICarDLhywJLMwJaeaBLnLJLrLHIaBLDLJ
mtls0_sx20,KTPSarSaIrLtyJySFCBcDFBtrIeBJ
mtls0_sx200,IeatLAwLMIFLlJLaeLHaLtrDcLHwPyLiMrJ
mtls0_sx290,lwJLrKrwJLHALwLlwDtaCLMwtrLHrJLHrLMcLhcagr
mtls0_sx380,SgLMaILKCIcDyLtrJnwLizLrarLHwLKz
mwbt0_si1553,vaBGFQPBFBwmrIyCwsyLkcagcLhDnLMwLhgJnQBLMcFUcDBcLiKtIrPFDUJcLHrFUKJU
mwbt0_si2183,hBLJFtFKyFaLJt
mwbt0_si923,MwCwmynwLAJLArwLJlwJLiIswDSFUwDmnQcmcLhB
mwbt0_sx113,lsDcJLAwBcmbnLkcCBcDyDLwULAmPwLtaGyPLhBbgLA
mwbt0_sx203,lwLAacUSBsywDLwLkwLhIcLHBsyvLncLMwKPwFBar
mwbt0_sx23,lBFULyPUwKwDUJvgecDcgwULBDgeBFJBwy
mwbt0_sx293,MLlyUJLMJsLlwUJLMwmyLMsLhFLAacJLMwlBwLASByDPwUJtcCDBsy
mwbt0_sx383,lwLAgaLHwLASymrPUJULKsbnDLHSPLmabeIaIycDLMBFSIaFLA
mwew0_si1361,ScmwDwJtScDJnLKwDCPSBFLAcCDlwBacmwmrJ
mwew0_si1991,SBcFcLthyLHhyEBSaFQBFCDwJLIyLMwDLAncJLlwCEUwDCbnJLMJLwDbnCwEcCaB
mwew0_si731,ctTyTPwJBswmrPLlwLkFELtnBFScD
mwew0_sx101,MwDwLunrDKiKwFLDrwDLknLrIwLkwrLABSnJKrPDLitIaBaFBclsJ
mwew0_sx11,vwPBFBaeFarQInrBgagbvk
mwew0_sx191,SPLzIaBtFDybnLAvyUwsyKwDUwSDEScLJ
mwew0_sx281,AaIywLitIwKLHSwLMnLSPLhyLiLhBaBJtrIcaFarJ
mwew0_sx371,IsLDnecCwDnLhymwLhncJLnbntrLhwUDwJLCrLzTPJU